[
  {
    "type": "text",
    "label": "Text Field",
    "placeholder": "Enter text",
    "icon": "fas fa-font",
    "default": ""
  },
  {
    "type": "textarea",
    "label": "Text Area",
    "placeholder": "Enter longer text",
    "rows": 4,
    "icon": "fas fa-align-left",
    "default": ""
  },
  {
    "type": "number",
    "label": "Number",
    "placeholder": "Enter a number",
    "min": 0,
    "max": 100,
    "icon": "fas fa-hashtag",
    "default": 0
  },
  {
    "type": "checkbox",
    "label": "Checkbox",
    "icon": "fas fa-check-square",
    "default": false
  },
  {
    "type": "radio",
    "label": "Radio Group",
    "options": ["Option 1", "Option 2", "Option 3"],
    "icon": "fas fa-dot-circle",
    "default": "Option 1"
  },
  {
    "type": "select",
    "label": "Dropdown Select",
    "options": ["Option A", "Option B", "Option C"],
    "icon": "fas fa-caret-down",
    "default": "Option A"
  },
  {
    "type": "date",
    "label": "Date Field",
    "placeholder": "Select a date",
    "icon": "fas fa-calendar-alt",
    "default": ""
  },
  {
    "type": "time",
    "label": "Time Field",
    "placeholder": "Select a time",
    "icon": "fas fa-clock",
    "default": ""
  },
  {
    "type": "file",
    "label": "File Upload",
    "icon": "fas fa-paperclip",
    "default": null
  },
  {
  "type": "slider",
  "label": "Slider",
  "icon": "fas fa-sliders-h",
  "placeholder": "Drag to select a value",
  "constraints": {
    "mode": "slider",
    "required": false,
    "readonly": false,
    "helpText": "",
    "percent": true,
    "min": 1,
    "max": 100,
    "step": 1,
    "showTicks": true,
    "marks": [
      { "value": 10, "label": "Low" },
      { "value": 50, "label": "Medium" },
      { "value": 90, "label": "High" }
    ]
  }
}




]
